公園充電樁,121.553573,25.036899
華城信義安和充電柱,121.55,25.033714
台北市公有充電樁,121.553573,25.086899
公園充電樁,121.553573,25.036899
東南區清潔隊-1,120.646773,24.111457
東南區清潔隊-1,120.646773,24.111457
南屯區清潔隊-1,120.654291,24.135014
南屯區清潔隊-2,120.646833,24.135015
環境檢驗科-1,120.644304,24.134836
環境檢驗科-2,120.644344,24.134837
林口A9環球購物中心-1,121.361478,25.066896
林口A9環球購物中心-2,121.361479,25.066897
林口A9環球購物中心-3,121.36148,25.066898
天祥公有停車場,120.694938,24.16167
東南區清潔隊-2,120.654292,24.135015
新社區清潔隊-1,120.811541,24.231456
新社區清潔隊-2,120.811542,24.231457
清淨園區-1,120.661576,24.187982
清淨園區-2,120.661577,24.187983
焚化爐柴油動力站-1,120.59915,24.153334
焚化爐柴油動力站-2,120.599151,24.153335
文修停車場,120.642253,24.185249
惠新停車場-1 (新光三越前),120.642371,24.165711
惠新停車場-2 (新光三越前),120.642372,24.165712
惠安停車場,120.641966,24.164058
福音第一停車場,120.681227,24.146942
光大停車場,120.675736,24.14898
永興停車場,120.681984,24.165036
東欣停車場,120.679074,24.153574
樹德停車場,120.654085,24.118726
EVALUE內湖旗艦站快充(槍2),121.593163,25.06868
多寶社區,120.644068,24.162706
順天上環匯-1(需自備轉接頭),120.635539,24.172611
順天上環匯-2(需自備轉接頭),120.63554,24.172612
順天上環匯-3(需自備轉接頭),120.635541,24.172613
順天上環匯-4(需自備轉接頭),120.635542,24.172614
台中 J Mall 超級充電站-1,120.615826,24.18351
台中 J Mall 超級充電站-2,120.615827,24.183511
台中 J Mall 超級充電站-3,120.615828,24.183512
台中 J Mall 超級充電站-3,120.615828,24.183512
台中 J Mall 超級充電站-4,120.615829,24.183513
台中 J Mall 超級充電站-5,120.61583,24.183514
台中 J Mall 超級充電站-6,120.615831,24.183515
台中 J Mall 超級充電站-7,120.615832,24.183516
台中 J Mall 超級充電站-8,120.615833,24.183517
台中勤美誠品綠園道超級充電站-1,120.663859,24.151568
台中勤美誠品綠園道超級充電站-2,120.66386,24.151569
台中勤美誠品綠園道超級充電站-3,120.663861,24.15157
台中勤美誠品綠園道超級充電站-4,120.663862,24.151571
好市多台中店-1,120.649747,24.133467
好市多台中店-2,120.649748,24.133468
好市多台中店-3,120.649749,24.133469
好市多台中店-4,120.64975,24.13347
新光三越台中中港店-1,120.643486,24.165061
新光三越台中中港店-2,120.643487,24.165062
新光三越台中中港店-3,120.643488,24.165063
新光三越台中中港店-4,120.643489,24.165064
台中日月千禧酒店-1,120.64204,24.157054
台中日月千禧酒店-2,120.642041,24.157055
裕元花園酒店-1,120.623917,24.179962
裕元花園酒店-2,120.623918,24.179963
裕元花園酒店-3,120.623919,24.179964
裕元花園酒店4,120.62392,24.179965
台中市政路體驗店-1,120.63838,24.160316
台中市政路體驗店-2,120.638381,24.160317
台中市政路體驗店-3,120.638382,24.160318
台中市政路體驗店-4,120.638383,24.160319
民生社區停車場,121.56294,25.059655
京倫吾悠-1,121.5022,25.135429
京倫吾悠-2,121.502201,25.13543
京倫吾悠-3,121.502202,25.135431
小巨蛋,121.549943,25.051085
" 台北北投七星公園地下停車場-1",121.50297,25.136912
" 台北北投七星公園地下停車場-2",121.502971,25.136913
" 台北北投七星公園地下停車場-3",121.502972,25.136914
" 台北北投七星公園地下停車場-4",121.502973,25.136915
" 台北北投七星公園地下停車場-5",121.502974,25.136916
" 台北北投七星公園地下停車場-6",121.502975,25.136917
台北振興公園地下停車場-1,121.523328,25.118983
台北振興公園地下停車場-2,121.523329,25.118984
台北振興公園地下停車場-3,121.52333,25.118985
台北振興公園地下停車場-4,121.523331,25.118986
台北振興公園地下停車場-5,121.523332,25.118987
台北振興公園地下停車場-6,121.523333,25.118988
世貿一館地下停車場,121.562303,25.033628
濱江國中地下停車場-1,121.561704,25.079857
濱江國中地下停車場-2,121.561705,25.079858
濱江國中地下停車場-3,121.561706,25.079859
濱江國中地下停車場-4,121.561707,25.07986
濱江國中地下停車場-5,121.561708,25.079861
榮星花園地下停車場-1,121.537736,25.064544
榮星花園地下停車場-2,121.537737,25.064545
榮星花園地下停車場-3,121.537738,25.064546
榮星花園地下停車場-4,121.537739,25.064547
榮星花園地下停車場-5,121.53774,25.064548
民生社區地下停車場-1,121.56288,25.059634
民生社區地下停車場-2,121.562881,25.059635
台北國際會議中心-1,121.560492,25.033564
台北國際會議中心-2,121.560493,25.033565
偶戲博物館地下停車場-1,121.561013,25.053008
偶戲博物館地下停車場-2,121.561014,25.053009
中崙高中地下停車場-1,121.561184,25.049053
中崙高中地下停車場-2,121.561185,25.049054
中崙高中地下停車場-3,121.561186,25.049055
中崙高中地下停車場-4,121.561187,25.049056
中崙高中地下停車場-5,121.561188,25.049057
中崙高中地下停車場-6,121.561189,25.049058
中崙高中地下停車場-7,121.56119,25.049059
康樂合署B2停車場,121.61926,25.072869
興隆公宅二B2停車場-1,121.55742,24.993653
興隆公宅二B2停車場-2,121.557421,24.993654
興隆公宅二B2停車場-3,121.557422,24.993655
中山堂地下停車場-1,121.510376,25.042796
中山堂地下停車場-2,121.510377,25.042797
中山堂地下停車場-3,121.510378,25.042798
中山堂地下停車場-3,121.510378,25.042798
中山堂地下停車場-4,121.510379,25.042799
中山堂地下停車場-5,121.51038,25.0428
中山堂地下停車場-6,121.510381,25.042801
中山堂地下停車場-7,121.510382,25.042802
台北體育館,121.558094,25.055422
台北田徑場,121.551152,25.055093
臺北市政府松德辦公大樓,121.574307,25.032519
濱江果菜市場地下停車場-1,121.537871,25.067963
濱江果菜市場地下停車場-2,121.537872,25.067964
興隆公共住宅2區-1,121.56248,24.988281
興隆公共住宅2區-2,121.562481,24.988282
興隆公共住宅2區-3,121.562482,24.988283
興隆公共住宅2區-4,121.562483,24.988284
八德立體停車埸-1,121.571671,25.050007
八德立體停車埸-2,121.571672,25.050008
八德立體停車埸-3,121.571673,25.050009
八德立體停車埸-4,121.571674,25.05001
八德立體停車埸-5,121.571675,25.050011
八德立體停車埸-6,121.571676,25.050012
南湖高中運動中心地下停車場-1,121.611174,25.067368
南湖高中運動中心地下停車場-2,121.611175,25.067369
臺北魚市地下停車場,121.536726,25.06697
台北市立天文科學教育館地下停車場,121.518289,25.09614
建國北路高架橋下A區-1,121.536523,25.051546
建國北路高架橋下A區-2,121.536524,25.051547
建國北路高架橋下B區-1,121.536748,25.049981
建國北路高架橋下B區-2,121.536749,25.049982
建國北路高架橋下C區-1,121.536849,25.0534
建國北路高架橋下C區-2,121.53685,25.053401
建國北路高架橋下D區-1,121.536863,25.0542
建國北路高架橋下D區-2,121.536864,25.054201
建國北路高架橋下E區-1,121.536969,25.056569
建國北路高架橋下E區-2,121.53697,25.05657
建國北路高架橋下F區-1,121.536931,25.057189
建國北路高架橋下F區-2,121.536932,25.05719
建國北路高架橋下G區-1,121.536976,25.059302
建國北路高架橋下G區-2,121.536977,25.059303
建國北路高架橋下J區-1,121.536077,25.065842
建國北路高架橋下J區-2,121.536078,25.065843
建國北路高架橋下O區-1,121.536701,25.046893
建國北路高架橋下O區-2,121.536702,25.046894
建國北路高架橋下IA區-1,121.536923,25.063141
建國北路高架橋下IA區-2,121.536924,25.063142
建國北路高架橋下IB區-1,121.537013,25.064442
建國北路高架橋下IB區-2,121.537014,25.064443
建國北路高架橋下H區-1,121.536954,25.060757
建國北路高架橋下H區-2,121.536955,25.060758
"台北市第一殯儀館平面停車場1- ",121.535686,25.06629
台北市第一殯儀館平面停車場-2,121.535687,25.066291
台北市第二殯儀館平面停車場-1,121.552934,25.01377
台北市第二殯儀館平面停車場-2,121.552935,25.013771
辛亥路高架橋下停車場-1,121.533674,25.022411
辛亥路高架橋下停車場-2,121.533675,25.022412
台北花博公園超級充電站-1,121.521784,25.068886
台北花博公園超級充電站-2,121.521785,25.068887
台北花博公園超級充電站3,121.521786,25.068888
台北花博公園超級充電站-4,121.521787,25.068889
台北花博公園超級充電站-5,121.521788,25.06889
台北花博公園超級充電站-6,121.521789,25.068891
新光三越信義新天地A11館-1,121.567329,25.036851
新光三越信義新天地A11館-2,121.56733,25.036852
新光三越信義新天地A11館-3,121.567331,25.036853
新光三越信義新天地A11館-4,121.567332,25.036854
新光三越信義新天地A11館-5,121.567333,25.036855
新光三越信義新天地A11館-6,121.567334,25.036856
好市多內湖店-1,121.575901,25.064063
好市多內湖店-2,121.575902,25.064064
好市多內湖店-3,121.575903,25.064065
好市多內湖店-4,121.575904,25.064066
好市多北投店-1,121.469867,25.127857
好市多北投店-2,121.469868,25.127858
好市多北投店-3,121.469869,25.127859
好市多北投店-4,121.46987,25.12786
台東娜路彎大酒店超級充電站-1,121.122158,22.770851
台東娜路彎大酒店超級充電站-2,121.122159,22.770852
台東娜路彎大酒店超級充電站-3,121.12216,22.770853
台東娜路彎大酒店超級充電站-4,121.122161,22.770854
台東娜路彎大酒店超級充電站-5,121.122162,22.770855
台東娜路彎大酒店超級充電站-6,121.122163,22.770856
台東娜路彎大酒店超級充電站-7,121.122164,22.770857
台東娜路彎大酒店超級充電站-8,121.122165,22.770858
娜路彎大酒店-1,121.121417,22.770814
娜路彎大酒店-2,121.121418,22.770815
台南奇美博物館超級充電站-1,120.221457,22.936558
台南奇美博物館超級充電站-2,120.221458,22.936559
台南奇美博物館超級充電站-3,120.221459,22.93656
台南奇美博物館超級充電站-4,120.22146,22.936561
台南奇美博物館超級充電站-5,120.221461,22.936562
台南奇美博物館超級充電站-6,120.221462,22.936563
台南奇美博物館超級充電站-7,120.221463,22.936564
台南奇美博物館超級充電站-8,120.221464,22.936565
新光三越台南新天地-1(限客人使用),120.197671,22.987144
新光三越台南新天地-2(限客人使用),120.197672,22.987145
新光三越台南新天地-3(限客人使用),120.197673,22.987146
新光三越台南新天地-4(限客人使用),120.197674,22.987147
新光三越台南新天地-5(限客人使用),120.197675,22.987148
新光三越台南新天地-6(限客人使用),120.197676,22.987149
好市多台南店-1,120.19367,23.0104
好市多台南店-2,120.193671,23.010401
好市多台南店-3,120.193672,23.010402
好市多台南店-4,120.193673,23.010403
台南大遠百-1,120.214297,22.996602
台南大遠百-2,120.214298,22.996603
台南大遠百-3,120.214299,22.996604
世界灣社區-1,121.83254,24.864471
世界灣社區-2,121.832541,24.864472
花蓮翰品酒店超級充電站-1,121.627691,23.992705
花蓮翰品酒店超級充電站-2,121.627691,23.992705
花蓮翰品酒店超級充電站-3,121.627691,23.992705
花蓮翰品酒店超級充電站-4,121.627691,23.992705
花蓮翰品酒店超級充電站-5,121.627691,23.992705
花蓮翰品酒店超級充電站-6,121.627691,23.992705
花蓮翰品酒店超級充電站-7,121.627691,23.992705
花蓮翰品酒店超級充電站-8,121.627691,23.992705
遠雄悅來大飯店-1,121.596617,23.908486
遠雄悅來大飯店-2,121.596618,23.908487
東華大學-1,121.541775,23.898151
東華大學-2,121.541776,23.898152
遠東百貨花蓮店-1,121.599787,23.978691
遠東百貨花蓮店-2,121.599788,23.978692
遠東百貨花蓮店-3,121.599789,23.978693
屏東超級充電站-1,120.664072,22.243551
屏東超級充電站-2,120.664073,22.243552
屏東超級充電站-3,120.664074,22.243553
屏東超級充電站-4,120.664075,22.243554
屏東超級充電站-5,120.664076,22.243555
屏東超級充電站-6,120.664077,22.243556
屏東超級充電站-7,120.664078,22.243557
屏東超級充電站-8,120.664079,22.243558
苗栗銅鑼科學園區超級充電站-1,120.760045,24.462239
苗栗銅鑼科學園區超級充電站-2,120.760046,24.46224
苗栗銅鑼科學園區超級充電站-3,120.760047,24.462241
苗栗銅鑼科學園區超級充電站-4,120.760048,24.462242
苗栗銅鑼科學園區超級充電站-5,120.760049,24.462243
苗栗銅鑼科學園區超級充電站-6,120.76005,24.462244
苗栗銅鑼科學園區超級充電站-7,120.760051,24.462245
苗栗銅鑼科學園區超級充電站-8,120.760052,24.462246
中壢捷運A21環北站-1,121.221151,24.967518
中壢捷運A21環北站-2,121.221152,24.967519
南榮停車場-1,121.291159,25.045451
南榮停車場-2,121.29116,25.045452
八德公二停車場,121.296563,24.963242
桃園台茂購物中心超級充電站-1,121.288371,25.053811
桃園台茂購物中心超級充電站-2,121.288372,25.053812
桃園台茂購物中心超級充電站-3,121.288373,25.053813
桃園台茂購物中心超級充電站-4,121.288374,25.053814
桃園台茂購物中心超級充電站-5,121.288375,25.053815
桃園台茂購物中心超級充電站-6,121.288376,25.053816
桃園台茂購物中心超級充電站-7,121.288377,25.053817
桃園台茂購物中心超級充電站-8,121.288378,25.053818
桃園A8環球購物中心-1,121.37005,25.060925
桃園A8環球購物中心-2,121.370051,25.060926
桃園A8環球購物中心-3,121.370052,25.060927
福山國小停車場,120.316596,22.683724
大東文化中心地下停車場-1,120.363449,22.62578
大東文化中心地下停車場-2,120.36345,22.625781
高雄亞洲新灣區超級充電站-1,120.301704,22.604518
高雄亞洲新灣區超級充電站-2,120.301705,22.604519
高雄亞洲新灣區超級充電站-3,120.301706,22.60452
高雄亞洲新灣區超級充電站-4,120.301707,22.604521
高雄亞洲新灣區超級充電站-5,120.301708,22.604522
高雄亞洲新灣區超級充電站-6,120.301709,22.604523
好市多大順店-1,120.307537,22.656439
好市多大順店-2,120.307538,22.65644
好市多大順店-3,120.307539,22.656441
好市多大順店-4,120.30754,22.656442
新光三越高雄三多店-1,120.306738,22.614625
新光三越高雄三多店-2,120.306739,22.614626
新光三越高雄三多店-3,120.30674,22.614627
新光三越高雄三多店-4,120.306741,22.614628
新光三越高雄三多店-5,120.306742,22.614629
新光三越高雄三多店-6,120.306743,22.61463
統一夢時代購物中心-1,120.306924,22.595447
統一夢時代購物中心-2,120.306925,22.595448
統一夢時代購物中心-3,120.306926,22.595449
統一夢時代購物中心-4,120.306927,22.59545
統一夢時代購物中心-5,120.306928,22.595451
統一夢時代購物中心-6,120.306929,22.595452
義大世界購物廣場,120.406248,22.729846
高雄大遠百-1,120.304378,22.613311
高雄大遠百-2,120.304379,22.613312
高雄大遠百-3,120.30438,22.613313
高雄大遠百-4,120.304381,22.613314
漢神巨蛋購物廣場-1,120.301969,22.66988
漢神巨蛋購物廣場-2,120.301969,22.66988
漢神巨蛋購物廣場-3,120.301969,22.66988
信義國中-1,121.768495,25.129242
信義國中-2,121.768496,25.129243
民樂立體停車場-1,121.483607,25.001622
民樂立體停車場-2,121.483608,25.001623
光興國小地下停車場-1,121.499321,25.059319
光興國小地下停車場-2,121.499322,25.05932
板橋國中停車場-1,121.454197,25.024295
板橋國中停車場-2,121.454198,25.024296
新店高中地下停車場-1,121.534123,24.974572
新店高中地下停車場-2,121.534124,24.974573
新店高中地下停車場-3,121.534125,24.974574
板橋區公有新海平面停車場-1,121.455213,25.028034
板橋區公有新海平面停車場-2,121.455214,25.028035
蘆洲仁愛停車場-1,121.471161,25.091304
蘆洲仁愛停車場-2,121.471162,25.091305
板橋第一體育場地下停車,121.46851,25.011089
新北中和環球購物中心超級充電站-1,121.474806,25.007499
新北中和環球購物中心超級充電站-2,121.474807,25.0075
新北中和環球購物中心超級充電站-3,121.474808,25.007501
新北中和環球購物中心超級充電站-4,121.474809,25.007502
新北中和環球購物中心超級充電站-5,121.47481,25.007503
新北中和環球購物中心超級充電站-6,121.474811,25.007504
新北中和環球購物中心超級充電站-7,121.474812,25.007505
新北中和環球購物中心超級充電站-8,121.474813,25.007506
台北矽谷二期停車場-1,121.539938,24.985237
台北矽谷二期停車場-2,121.539938,24.985237
台北矽谷二期停車場-3,121.539938,24.985237
台北矽谷二期停車場-4,121.539938,24.985237
台北矽谷二期停車場-5,121.539938,24.85237
台北矽谷二期停車場-6,121.539938,24.985237
好市多中和店-1,121.492369,25.002741
好市多中和店-2,121.49237,25.002742
好市多中和店-3,121.492371,25.002743
好市多中和店-4,121.492372,25.002744
板橋大遠百-1,121.466754,25.013962
板橋大遠百-2,121.466755,25.013963
板橋大遠百-3,121.466756,25.013964
板橋大遠百-4,121.466757,25.013965
遠東百貨板橋中山店-1,121.464454,25.011252
遠東百貨板橋中山店-2,121.464455,25.011253
華城中壢廠員工停車場充電椿-1,121.240327,24.978754
米提大飯店,120.795353,23.683445
溪頭夏緹飯店,120.790872,23.688792
溪頭夏緹飯店,120.790872,23.688792
亨宿露營,120.740977,23.74086
向山行政暨遊客中心,120.902488,23.850738
向山行政暨遊客中心,120.902488,23.850738
日月潭大飯店(限房客使用),120.902733,23.866273
涵碧樓(限房客使用),120.907491,23.862837
日月潭中興停車場,120.907491,23.865636
日月潭中興停車場,120.907491,23.865636
雲品溫泉酒店日月潭,120.923246,23.871209
雲品溫泉酒店日月潭(限客人使用),120.923246,23.871209
日月潭晶澤會館(限客人使用),120.930726,23.849063
伊達邵遊客中心停車場,120.929234,23.84868
伊達邵遊客中心停車場,120.929234,23.84868
日月潭東峰紅茶莊園(客人優先使用),120.923479,23.8806
布袋文創商旅,120.155579,23.382365
IWS租車 嘉義站,120.287746,23.459464
綠悠遊股份有限公司,120.321562,23.458851
綠悠遊股份有限公司,120.321562,23.458851
佳仕堡商務飯店,120.376326,23.497942
原森林民宿(限客人使用),120.919322,23.884083
原森林民宿(限客人使用),120.919322,23.884083
日月潭經典大飯店 范特奇堡,120.939831,23.892456
日月潭瑞居渡假飯店,120.918713,23.919432
水牛公園超級充電站,120.387636,23.496621
布拉姆索鄉村民宿,120.940689,23.939725
埔里民宿書法之家,120.952748,23.945365
BMW 展示中心,120.415348,23.486835
埔里遊客中心,120.930195,23.969551
埔里遊客中心,120.930195,23.969551
禾楓汽車旅館,120.428833,23.487494
錯喜歡旅棧,120.959968,24.003439
嘉楠風華酒店,120.427509,23.482625
旭益汽車百貨草屯店,120.683585,23.9857
嘉義觀止飯店,120.429635,23.479447
BMW汽車-長慶南投展示中心,120.66488,23.939222
嘉義Volvo 富王汽車(送修),120.437663,23.488532
James's Farm 黃先生,120.657484,23.943389
嘉義文化創意產業園區,120.440089,23.476935
富鐵實業有限公司,120.642872,24.004054
中油煉製研究所停車場,120.44615,23.466915
台灣穀堡,120.458766,23.869612
兆品酒店嘉義,120.448397,23.483108
鬥陣自助洗車廣場埤頭店(故障),120.449384,23.893724
兆品酒店嘉義,120.448397,23.483108
盛億空壓機,120.525918,23.885715
寬悅花園酒店,120.449937,23.5048
展亞商務旅館,120.472695,23.961763
旭益汽車百貨員林店,120.586935,23.958387
嘉義雲登景觀飯店,120.53913,23.465603
豆讚咖啡莊園,120.515426,23.369283
夜光高鐵,120.620457,23.93214
BMW 展示中心(限客戶使用),120.535322,24.03976
鬥陣自助洗車廣場 彰鹿店,120.484716,24.049354
鹿港永樂酒店,120.434265,24.049176
旭益汽車百貨彰化店,120.527573,24.066747
VOLVO 富王汽車北彰化,120.571545,24.096969
禾楓汽車旅館 (斗六館) (限住客使用),120.529155,23.707298
TOYOTA_斗六營業所(限客戶使用),120.529203,23.706539
高雄義大皇家酒店,120.400954,22.730231
阿部昭咖啡莊園,120.572204,23.618054
劍湖山世界,120.57711,23.614896
義大世界購物廣場,120.406762,22.729985
寨酌然 野奢庄園 MODO(限客人使用),120.827989,24.333558
樹也民宿(限住客使用),120.771164,24.358935
福山國小停車場(故障),120.316134,22.683547
西湖渡假村,120.760558,24.390323
月緹民宿,120.297858,22.669721
全國花園鄉村俱樂部,120.721599,24.393713
漢神巨蛋購物廣場,120.301777,22.669867
光洲停車場,120.306568,22.665494
全國花園鄉村俱樂部,120.721599,24.393713
全國花園鄉村俱樂部,120.721599,24.393713
boy’s garage i充電(私人),120.290926,22.666139
苗栗 - 特斯拉銅鑼科學園區超級充電站,120.759645,24.462147
卡斯巴汽車美容技研中心(限客人使用),120.291267,22.656349
泰安觀止溫泉會館(限住客使用),120.951653,24.467439
好市多 大順店,120.307618,22.65633
湯唯溫泉(限住客使用),120.969432,24.469245
九號倉,120.288447,22.648188
明湖水漾會館(限客人使用),120.887133,24.586095
妮特編織咖啡館(尚未開放),120.297646,22.649731
蘇維拉莊園(限客人使用),120.994533,24.607317
小份美營地,120.952426,24.672582
坂和資訊(尚未開放),120.327551,22.653655
億家俱 批發倉庫(限客人使用),120.903214,24.690635
坂和資訊(尚未開放),120.327551,22.653655
馥藝金鬱金香酒店,120.890177,24.691032
康橋大飯店 覺民館,120.336292,22.639507
華東停車場,120.878035,24.689806
大腳汽車美容鍍膜中心(私人),120.347425,22.628063
大東文化藝術中心展覽館,120.362355,22.624278
華興工業(限員工使用),120.191211,23.241387
廣能新能源科技有限公司,120.423137,22.62286
廣能新能源科技有限公司,120.423137,22.62286
新營區太子宮圖書館地下室停車場,120.273832,23.29539
禾楓汽車旅館 (新營館),120.295128,23.309116
康橋大飯店 七賢館(限住客使用),120.300557,22.635397
新營環保局停車場(需自備充電線),120.309046,23.321088
台南市政府民治市政中心停車場,120.314597,23.312748
忠孝停車場,120.306124,22.633241
忠孝停車場,120.306124,22.633241
八田與一紀念園區,120.364182,23.213949
麻豆區公所停車場(需自備充電線),120.258359,23.185099
高雄福華大飯店(限住客使用),120.308335,22.633471
比歐緻居(限客人使用 要預約),120.302069,22.626445
南科贊美酒店有限公司,120.30901,23.130475
國賓大飯店,120.291046,22.624091
山豐海富,120.307613,23.115261
鹽埕區立體停車場,120.2863,22.624785
翰品酒店高雄(限客人使用),120.285402,22.624743
翰品酒店高雄(限住客使用),120.285402,22.624743
台南市新市區樹谷園區公有停車場(自備線),120.261187,23.104525
台南新化區公所,120.31099,23.038546
新光三越高雄三多店,120.30683,22.613896
瓜瓜園地瓜生態故事館,120.308413,23.026086
高雄大遠百,120.304293,22.612468
永康科技工業區,120.278435,23.041297
致穩商旅,120.240462,23.041108
高雄 - 特斯拉亞洲新灣區超級充電站,120.302255,22.603953
VOLVO(僅供出場車使用),120.224681,23.029465
高雄 - 特斯拉亞洲新灣區超級充電站,120.302255,22.603953
Toyota北台南營業所(供出場車使用),120.220905,23.025193
汎德台南永康展示中心(限BMW客戶使用),120.214491,23.020913
台鋁MLD,120.302318,22.602918
長磯建設 綠澗築,120.182292,23.024306
南創工業區停車場,120.158936,23.034031
統一夢時代購物中心,120.308221,22.594763
台南大員皇冠假日酒店,120.148613,22.999782
高雄富野渡假酒店(限住客使用),120.320454,22.59836
運河路停車場,120.160542,22.997775
華園大飯店草衙館,NULL,NULL
永華,120.158436,22.990893
高雄草衙道,120.330673,22.582309
Costco 好市多 台南店,120.192702,23.010628
豐田岡山營業所,120.289728,22.8039
台南汎德永華服務中心(限BMW客戶使用),120.176826,22.990751
樹屋文旅(限客人使用),120.179619,22.990759
臺南市政府附設停車場,120.184807,22.992835
大億麗緻酒店,120.197643,22.988156
煙波飯店(限客人使用),120.199906,22.988737
臺南晶英酒店(限客人使用),120.199673,22.988035
新光三越台南新天地(限客人使用),120.19998,22.986832
首相飯店地下停車場(限客人使用),120.207836,22.999278
台南大遠百,120.214957,22.996539
成功大學-大學路停車場,120.215861,22.996132
臺南市環保局停車場,120.235333,22.984015
台鉅美妝觀光工廠,120.257184,22.988638
仁德市場處停車場,120.253557,22.972712
Le Coin 21民宿(限住客使用),120.252529,22.965086
台南 - 特斯拉奇美博物館超級充電站,120.221236,22.934449
IWS 台南站(限客戶使用),120.27752,22.928612
烏日高鐵重劃廣停五停車場,120.594685,24.110958
烏日高鐵重劃廣停四停車場,120.600601,24.108624
烏日高鐵重劃廣停三停車場,120.603669,24.108023
烏日高鐵重劃廣停二停車場,120.60857,24.10607
台中市烏日區公所,120.623915,24.104509
烏日興祥街停車場,120.639205,24.105813
臺中市環保局東南區清潔隊,120.646925,24.110916
BMW 汎德台中復興展示中心,120.648548,24.110916
NISSAN 烏日,120.649249,24.111138
Iws烏日站,120.615365,24.114157
樹德停車場,120.654051,24.118524
大慶停車場,120.648952,24.120098
臺中市南區區公所,120.663924,24.117265
翔源輪胎,120.652325,24.146779
歐德傢俱 - 文心旗艦店(限客人使用),120.646606,24.149721
台中汎德文心服務中心(限BMW客戶使用),120.646645,24.151745
臺中市中興地政事務所,120.653828,24.153628
南平停車場,120.665626,24.124227
東興立體停車場,120.65437,24.156374
國立公共資訊圖書館停車,120.671583,24.12896
市政公園地下停車場B1,120.644351,24.160872
"府後街地下停車場 ",120.675073,24.13618
市政府惠中樓B1 十格位,120.648486,24.161496
"臺中市政府地政局1F停車場 ",120.673725,24.136228
臺中市政府警察局第一分局停車場,120.676065,24.13848
臺中市政府-市政中心B2停車場,120.648486,24.161496
臺中市政府交通局本部停車場,120.678145,24.139195
台中大遠百,120.644598,24.162925
台中新光三越,120.642809,24.163547
台中草悟道,120.665175,24.149754
惠安停車場,120.642164,24.163794
台中草悟道,120.665175,24.149754
台中國家劇院地下停車場,120.641289,24.162607
惠來立體停車場(一座故障),120.639611,24.159573
臺中市政府州廳辦公室前方公有收費停車場,120.678673,24.138751
秋紅谷停車場,120.640389,24.167165
廣停六停車場,120.676095,24.113902
朝富停車場,120.637939,24.165171
中市西屯區公所,120.63343,24.165766
台中市大里地政事務所,120.685518,24.110434
輕井沢足體會館(限客人使用),120.634952,24.160298
台中日月千禧酒店(限客人使用),120.64212,24.156879
國立興大附中地下停車場,120.683888,24.108535
龍富路公有停車場,120.630771,24.160284
Toyota中台中所,120.629049,24.158376
國立興大附中地下停車場,120.683888,24.108535
超維汽車-台中環中(限客戶使用),120.524145,24.154123
Volvo展示廳(限客戶使用),120.6249,24.151522
國光花市停車場,120.683337,24.103783
新厝停車場,120.628952,24.145514
廣兼停八停車場,120.686959,24.102709
文山水資源回收中心,120.617263,24.139637
大里運動公園地下停車場,120.685322,24.101102
清新溫泉飯店,120.588709,24.137994
清新溫泉飯店,120.588709,24.137994
台中市大里區公所,120.678098,24.099441
臺中市文山垃圾焚化廠,120.617263,24.139637
臺中市大里戶政事務所,120.676973,24.098127
多元綠動 台中工業區充電站,120.595164,24.170295
多元綠動 台中工業區充電站,120.595164,24.170295
Toyota 東海營業所(限客人使用),120.613051,24.171338
NISSAN 大里,120.682924,24.098417
台數科 6464 top MSO(私人),120.684924,24.096946
福恩停車場,120.614577,24.182557
仁堤停車場,120.699565,24.098731
特斯拉 J Mall 超級充電站,120.615287,24.183819
旭益汽車百貨中科店,120.621529,24.190639
裕元花園酒店,120.624099,24.179905
順天環匯B2充電停車位,120.63597,24.172706
水雲端旗艦概念旅館(限客人使用),120.635,24.174105
朗日牙藝牙醫診所(限客人使用),120.637335,24.175272
大誠立體停車場,120.679274,24.144716
文修停車場露天,120.642695,24.185249
探索私旅,120.646296,24.184698
光大停車場,120.675709,24.148833
中央公園停車場,120.654183,24.176014
福音街停車場,120.681198,24.146777
NISSAN 西屯(限客戶使用),120.664491,24.172405
台中公園地下停車場,120.682781,24.145422
水湳經貿園區地下停車場,120.658237,24.180061
新平停車場,120.660991,24.185052
台中新興停車場,120.684851,24.146374
臺中市環保局北屯區清潔隊(私人),120.661637,24.187607
迪卡儂台中北屯店,120.659674,24.190824
兆品酒店台中,120.667344,24.19135
兆品酒店台中,120.667344,24.19135
干城立體停車場,120.687945,24.142864
台中秀泰站前店-S1館,120.690239,24.140485
歐德傢俱 - 環中旗艦店(限客戶使用),120.673082,24.201318
台中秀泰站前店-S2館,120.692083,24.140604
南京立體停車場,120.690747,24.140116
BMW台中汎德崇德展示中心(限客戶使用),120.686054,24.191786
新建國市場停車場,120.693558,24.133975
松竹停車場,120.683039,24.180202
一心停車場,120.702105,24.139145
台中民俗公園地下停車場,120.687427,24.174397
中市北區區公所,120.6823,24.165626
中市東區區公所,120.703409,24.136422
永興停車場,120.681941,24.164989
健行停車場,120.672515,24.1605
福仁實業,120.512862,24.206119
台中市龍井區公所,120.545929,24.192893
台中港 三井,120.517435,24.257093
公有停車場港埠路,120.543254,24.266886
信心停車場,120.702273,24.134509
臺中市立港區藝術中心,120.55842,24.269632
旭益汽車百貨梧棲店,120.555276,24.249412
中市太平區公所,120.718375,24.126275
太平區中興停車場,120.720288,24.1309
旱溪停車場,120.709975,24.140868
新光廣兼停八,120.715898,24.158914
旭益汽車百貨太平店,120.708468,24.148109
光田醫院(公務車優先),120.557917,24.235529
太平區新平立體停車場,120.715596,24.149023
玉坤田飯店,120.561207,24.244581
台中高爾夫球場,120.614375,24.217341
中市太平戶政事務所,120.725279,24.146619
清泉崗地下停車場(無法進入),120.598787,24.25281
台中市太平地政事務所,120.72599,24.147043
臺中市政府警察局清水分局-清泉派出所,120.60989,24.24587
台中市大雅區公所露天,120.648149,24.229191
臺中市屯區藝文中心,120.73675,24.156988
麗園停車場,120.733587,24.158536
臺中市神岡戶政事務所,120.658723,24.256663
太原停車場,120.722587,24.164385
台中市神岡區公所,120.661632,24.257798
旭益汽車百貨豐原店,120.70684,24.237305
天祥停車場,120.69496,24.161457
豐原育英停車場 2樓,120.714576,24.240641
中國醫藥大學急診停車場,120.683313,24.154891
台中市豐原區公所,120.718593,24.241706
臺中市政府陽明大樓第二停車場,120.721961,24.245312
中正公園地下停車場,120.681248,24.157329
臺中市政府-陽明大樓B1停車場,120.721286,24.246657
台中市豐原地政事務所,120.713417,24.249163
中友百貨,120.685173,24.152518
臺中市政府警察局和平分局停車場,120.883855,24.17484
東欣停車場,120.679022,24.153222
臺中市政府警察局和平分局-谷關派出所,121.006781,24.203013
虹夕諾雅 谷關(限客人使用),121.011184,24.204936
惠來谷關溫泉會館(限客人使用),121.010241,24.204032
特斯拉勤美誠品綠園道超級充電站,120.664056,24.151536
東勢地政事務所,120.826724,24.262714
勤美誠品綠園道,120.664056,24.151536
幸福橘子,120.846023,24.273881
忠明公園地下停車場,120.660026,24.153869
石岡水舍(限客人使用),120.778506,24.281074
臺中市柴油車排煙檢測站(后里站),120.732024,24.287535
臺中市大墩文化中心,120.665638,24.141863
台中市后里戶政事務所,120.709921,24.305237
美村停車場,120.661599,24.141471
法格斯-石光B&B(限住客使用),120.687932,24.324032
土庫停車場,120.657529,24.141406
旭恩能源,120.688928,24.345214
台中市大甲區公所(故障),120.622609,24.348935
台中市西區大益停車場,120.65662,24.146209
好市多 台中店,120.648325,24.132967
南屯停車場,120.640471,24.141688
台中迪卡農南屯店,120.649942,24.131656
台中市南屯運動中心B2停車場,120.638428,24.137874
南屯國小地下收費停車場,120.638428,24.137874
旭益汽車百貨文心店,120.645906,24.130416
臺中市環保局環境檢驗科(私人),120.642806,24.168355
派飛特車體鍍膜工作室 (限客人使用),120.645804,24.137529
秀泰生活台中文心店,120.645233,24.130144
成淵高中地下停車場,121.5201,25.060347
大稻埕公園地下停車場,121.510513,25.05827
朝陽公園地下停車場,121.513795,25.056205
蓬萊國小地下停車場,121.51691,25.056543
永盛公園地下停車場,121.524772,25.059321
建成國中地下停車場,121.519568,25.050344
林森公園地下停車場,121.526442,25.052194
天閣酒店 - 台北林森店,121.524257,25.049976
塔城公有停車場,121.510522,25.050972
市民大道地下停車場(塔城段),121.509767,25.050408
建成公園地下停車場,121.518021,25.053908
EVALUE內湖旗艦站快充(槍1),121.593142,25.06868
台北車站西區地下停車場,121.515351,25.047501
台北車站東區地下停車場,121.520042,25.04728
市民大道停車場(公中段),121.519155,25.048194
市民大道停車場(中林段),121.522573,25.047784
市民大道停車場(林金段),121.527964,25.046714
三創生活園區-停車場,121.530519,25.044773
長安國小地下停車場,121.53134,25.0505
進安公園地下停車場,121.537805,25.046285
雙園國中地下停車場,121.49159,25.027921
萬華國中地下停車場,121.499594,25.029287
青年公園棒球場 地下停車場,121.502826,25.023699
青年公園高爾夫球場地下停車場,121.507484,25.024934
古亭國中地下停車場,121.509894,25.023812
萬華區公所地下停車場,121.499798,25.034506
艋舺公園停車場,121.499379,25.036204
中山堂地下停車場,121.51064,25.044117
峨眉停車場,121.505774,25.044318
洛陽停車場,121.504897,25.047563
永續環境教育中心雨棚,121.429664,25.160777
八里第一立體停車場,121.400149,25.146531
淡水民生停車場,121.461759,25.137918
三民立體停車場,121.439038,25.172428
新北市滬尾藝文休閒園區停車場,121.428419,25.175795
福容大飯店 淡水漁人碼頭,121.41605,25.182159
福容大飯店 淡水漁人碼頭,121.41605,25.182159
水碓立體停車場,121.443595,25.178229
全家便利商店 淡水新莊店,121.454133,25.179815
淺水灣小旅店,121.467541,25.250107
三芝中正立體停車場,121.503084,25.254656
北海高爾夫鄉村俱樂部,121.605488,25.282619
天籟飯店,121.595204,25.201632
御陽明,121.549766,25.141531
北灣俱場,121.497516,25.121012
啟聰學校地下停車場,121.511597,25.074365
大龍國小地下停車場,121.517337,25.074093
海光公園地下停車場,121.508555,25.080968
立農公園地下停車場,121.50305,25.11824
好市多 北投店 Costco Beito,121.470249,25.128168
七星公園地下停車場,121.502376,25.136717
大豐公園地下停車場,121.504235,25.131034
石牌國小地下停車場,121.513131,25.11441
振興公園地下停車場,121.523339,25.118813
新光三越台北天母店A棟,121.533544,25.118017
蘭雅公園地下停車場,121.529359,25.109603
芝山站南側停車場,121.523123,25.101236
文昌國小地下停車場,121.521924,25.099219
市民大道停車場(建復段),121.540504,25.044736
建國北路高架橋下停車場A區-長安.朱崙迴,121.540504,25.049536
建國北路高架橋下停車場B區-朱崙.南京東,121.536535,25.04957
建國北路高架橋下停車場C區-南京東路.四,121.53707,25.053974
國泰建國民生大樓 (萬怡酒店),121.537876,25.057179
建國北路高架橋下停車場H區-錦州.民權東,121.537191,25.060273
建國北路高架橋下1A站入口,121.537255,25.063697
建國北路高架橋下1B站入口,121.53667,25.064779
榮星花園地下停車場,121.538307,25.064343
建國高架停車場 民族東路段,121.536239,25.066027
台北花博 超級充電站,121.521894,25.068505
深坑地下停車場,121.615631,25.001208
石碇區清潔隊,121.658428,24.991418
悠逸商旅 士林館,121.518078,25.089448
港前公園地下停車場,121.521409,25.085862
捷運劍潭站轉乘停車場,121.524372,25.082476
百齡高中地下停車場,121.52344,25.085739
承德公園地下停車場,121.522541,25.089955
士林區戶政事務所,121.520278,25.092958
士林捷運站,121.526261,25.092411
福林公園地下停車場,121.530585,25.096185
台北士林萬麗酒店,121.529359,25.093505
台北士林萬麗酒店,121.529359,25.093505
Soda Fit 健身房,121.527868,25.096584
新光吳火獅紀念醫院,121.520719,25.096075
天文教育館,121.51923,25.096019
科學教育館,121.515732,25.096152
台北市兒童新樂園停車場,121.514921,25.098204
三菱汽車順益濱江展示中心,121.546407,25.072421
天閣酒店 - 台北信義店,121.572574,25.041123
松山工農地下停車場,121.572469,25.038965
興雅國中地下停車場,121.572791,25.034724
群益金融大樓計時停車場,121.569382,25.036625
新光三越A11,121.567558,25.036201
信義A13大遠百,121.567614,25.037159
信義誠品,121.566068,25.039968
BELAVITA 寶麗廣塲,121.568359,25.039918
忠信公園停車場,121.568365,25.04023
新光信義金融停車場,121.568286,25.038458
晶華酒店 Regent Hotel,121.523409,25.054259
福隆大飯店,121.944111,25.018333
澳底公園停車場,121.925278,25.053333
雙溪低碳旅遊服務中心室內,121.866361,25.039333
台灣藍鵲咖啡坊,121.75211,25.02052
十分旅遊服務中心,121.782611,25.046972
瑞芳立體停車場,121.809389,25.108333
野柳地質國家公園露天小客車停車區,121.689972,25.205194
台電核二北部展示館,121.658556,25.206139
萬里區公所停車場,121.689083,25.178306
萬里皇后鎮森林,121.643194,25.209889
翡翠灣福隆度假飯店,121.683278,25.18825
金山青年活動中心,121.6415,25.225306
博愛地下停車場,121.741972,25.127361
東岸廟口停車場,121.743806,25.13025
嘟嘟房成功市場,121.737556,25.128
信二路公有停車場,121.745861,25.130944
海洋博物館,121.794722,25.140722
麥金停車場,121.722167,25.120694
元璋玻璃科技館,121.701056,25.144444
工商路立體停車場,121.43933,25.083633
泰山公有市場地下停車場,121.433339,25.056011
楓樹腳公園地下停車場,121.43436,25.061898
義學立體停車場,121.4275,25.049849
正好停中環站停車場,121.442182,25.044417
後港新公園地下停車場,121.424021,25.025986
新莊體育館地下停車場,121.450854,25.039852
新莊國中地下停車場,121.451214,25.034168
頭前國中地下停車場,121.458042,25.054864
玫瑰平面停車場,121.488581,25.054212
中山立體停車場,121.489551,25.060621
光興國小地下停車場,121.499357,25.060621
正義國小地下停車場,121.4953,25.064466
正義公園地下停車場,121.497735,25.068823
三張地下停車場,121.4892,25.070389
厚德國小地下停車場,121.490168,25.071746
龍門公園地下停車場,121.498542,25.074801
五常地下停車場,121.496413,25.080693
溪美立體停車場,121.490469,25.078666
碧華國小地下停車場,121.488971,25.084372
永福國小地下停車場,121.479651,25.077581
鷺江立體停車場,121.476653,25.085912
仁愛立體停車場,121.471556,25.090774
蘆洲國小地下停車場,121.469925,25.08411
鷺江國中地下停車場,121.460612,25.090362
成功地下停車場,121.458036,25.084966
聯邦公園地下停車場,121.484232,25.063825
二重國中地下停車場,121.4798,25.064694
文中小平面停車場,121.48231,25.05892
桃園A8環球購物中心,121.370443,25.060095
林口A9環球購物中心,121.361208,25.066721
停三立體停車場,121.389019,25.078848
停四平面停車場,121.389973,25.077033
樹林藝文綜合行政大樓地下停車場,121.428681,24.996483
秀泰生活樹林店,121.428594,24.99485
臺北紙廠停車場,121.444597,25.003463
民享市場地下停車場,121.474227,25.003132
民德立體停車場,121.467823,24.998782
重慶公園地下停車場,121.463725,24.999651
新北市立圖書館地下停車場,121.454698,25.001274
遠東通訊園區地下停車場,121.456385,24.999141
華東停車場,121.450103,24.99577
裕生立體停車場,121.446977,24.984539
金城立體停車場,121.458036,24.983914
金城立體停車場,121.458036,24.983914
延吉立體停車場,121.469244,24.987453
中洲平面停車場,121.414266,24.957781
皇后鎮森林,121.433534,24.917877
大板根森林溫泉酒店,121.406761,24.870772
大板根森林溫泉酒店,121.406761,24.870772
臺北大學運動場地下停車場,121.364207,24.938876
三峽國小地下停車場,121.367469,24.934846
鶯歌陶瓷博物館,121.350725,24.948623
宏洲磁磚觀光工廠,121.329851,24.939943
江翠停五平面停車場,121.45663,25.028481
四維公園地下停車場,121.464024,25.025648
板橋國中地下停車場,121.454388,25.025278
板橋高中地下停車場,121.458332,25.013131
板橋國小地下停車場,121.456306,25.011998
市民廣場地下停車場,121.465628,25.014103
板橋大遠百,121.467462,25.014561
特專三臨時平面停車場,121.465755,25.016476
板橋車站地下停車場,121.464133,25.015468
TOYOTA 新莊營業所,121.459192,25.03827
BMW 台北尚德-新莊服務中心,121.431691,25.031924
翰品酒店新莊,121.457822,25.03747
翰品酒店新莊,121.457822,25.03747
江翠國中游泳池共構地下停車場,121.468533,25.027856
萬板橋下停車場,121.480776,25.026683
華翠橋下I區停車場,121.475146,25.021265
民生公園地下停車場,121.475708,25.013179
中和環球購物中心,121.474865,25.008203
中和環球購物中心,121.474865,25.008203
特斯拉中和環球購物中心都市充電站,121.474865,25.008203
遠東百貨,121.464258,25.010414
民權立體停車場,121.460433,25.012285
香格里拉台北遠東國際大飯店,121.549987,25.025734
嘉興公園地下停車場,121.551822,25.02177
台科大國際大樓地下停車場,121.540181,25.012365
龍門國中地下停車場,121.537981,25.024092
金華公園地下停車場,121.531684,25.029593
大安森林公園地下停車場,121.537463,25.029593
大安高工地下停車場,121.540915,25.032782
市民大道地下停車場(敦延段),121.550689,25.044756
市民大道地下停車場(延吉段),121.552135,25.044466
僑安地下停車場,121.556564,25.040653
景勤二號公園地下停車場,121.558421,25.026015
三張里公園地下停車場,121.566962,25.030469
信義國小地下停車場,121.56243,25.032002
台北101停車場,121.563629,25.033251
BMW汎德101地下停車場快速充電站,121.563629,25.033251
BMW汎德101地下停車場快速充電站,121.563629,25.033251
信義廣場地下停車場,121.56644,25.032995
台北世貿中心國貿大樓,121.560783,25.034252
台北國際會議中心,121.560702,25.034114
台北國際會議中心,121.560702,25.034114
台北世貿一館,121.562012,25.033127
台北世貿一館,121.562012,25.033127
府前廣場地下停車場,121.563088,25.036021
府前廣場地下停車場,121.563088,25.036021
民樂立體停車場,121.483594,25.001368
瓏山林台北中和飯店,121.485387,24.994732
圓通停車場,121.490527,24.98803
中和地政事務所地下停車場,121.5022,24.990804
中和復興大樓地下停車場,121.506282,24.989576
捷運-南勢角站,121.508395,24.990766
中和國小地下停車場,121.499831,24.998573
Costco 好市多 中和,121.491596,25.002962
仁愛停車場,121.506331,25.010147
永和網溪國小停車場,121.519947,25.013894
新北市福和地下停車場,121.5229,25.004691
永和區永和國小地下停車場,121.517523,25.001811
秀朗樂活停車場,121.520218,24.998867
新店安和停車場,121.519149,24.973974
安康共有停車場,121.512616,24.962631
碧潭東岸停車場,121.537018,24.96093
捷運-新店站,121.537686,24.956983
新店北新地下停車場,121.541994,24.968944
"新店區三民地下停車場 ",121.53711,24.970935
新店高中地下停車場,121.534248,24.974176
大豐公有地下停車場,121.538331,24.977353
寶橋停車場,121.545224,24.974815
中興低碳立體停車場(格上),121.547292,24.977493
新北 - 特斯拉新店都市充電站,121.539938,24.985237
新北 - 特斯拉新店都市充電站,121.539938,24.985237
景美國小地下停車場,121.540285,24.988431
景華公園地下停車場(景興路),121.544023,24.996068
木柵花市場,121.540594,25.004075
興隆公園停車場,121.551201,25.00069
辛亥國小地下停車場,121.558421,25.005952
木柵捷運站地下停車場,121.573186,24.997999
動物園站地下停車場,121.579014,24.997591
木柵機廠,121.584298,25.001492
萬興國小地下停車場,121.576809,24.98954
璞石麗緻溫泉會館,121.54766,24.871324
璞石麗緻溫泉會館,121.54766,24.871324
烏來立體停車場,121.551787,24.864947
TOYOTA北都內湖所,121.562257,25.085749
西康停車場,121.56362,25.084766
西湖公園地下停車場,121.570542,25.084289
洲子立體停車場,121.569455,25.079622
Volvo 內湖,121.58116,25.068193
Volvo 內湖,121.58116,25.068193
台北 - 特斯拉內湖服務園區超級充電站,121.575001,25.067465
TESLA內湖服務中心(僅限客戶使用),121.574898,25.066439
內湖好市多,121.575911,25.064491
家樂福內湖店,121.575597,25.059929
BMW台北鎔德尊榮服務中心(限客戶使用),121.575318,25.057257
迪亞莫車體防護,121.589272,25.059304
大湖公園地下停車場,121.602141,25.083517
大湖公園地下停車場,121.602141,25.083517
麗湖國小,121.601496,25.073244
東湖國小地下停車場,121.616148,25.068313
玉成公園地下停車場,121.587192,25.042284
TOYOTA 北都汽車展示所,121.594228,25.054669
玉成國小地下停車場,121.592596,25.05333
南港車站地下停車場,121.603523,25.051967
興中立體停車場,121.606472,25.056011
南港國小地下停車場,121.611169,25.056449
世貿公園地下停車場,121.614552,25.057678
南港展覽館二館,121.61464,25.056936
台北南港展覽館,121.620154,25.05712
台北南港展覽館,121.620154,25.05712
24TPS 便利停車（新台五路）,121.646741,25.061017
iFG遠雄廣場,121.64992,25.061518
汐止智興停車場,121.657105,25.064001
汐止區行政中心地下停車場,121.659312,25.063593
少爺時尚旅館,121.662668,25.058444
青青食尚花園會館,121.551314,25.099352
民有市場地下停車場,121.546667,25.060889
航廈大樓,121.549266,25.061177
西華飯店,121.545844,25.057998
宏泰金融大樓,121.547366,25.057117
宏泰世界大樓,121.548044,25.056686
台北體育館,121.551785,25.051508
台北田徑場,121.550676,25.048704
阿樹國際旅店,121.552704,25.048165
臺北市立中崙高級中學,121.561352,25.050212
民生立體停車場,121.559602,25.058502
民生社區活動中心,121.563132,25.05983
健康國小地下停車場,121.562696,25.056081
西松高中地下停車場,121.566111,25.055876
八德立體停車場,121.571413,25.049525
松山國小地下停車場,121.578593,25.050168
松山高中地下停車場,121.563723,25.044124
雅祥公園地下停車場,121.571615,25.047373
松山車站地下停車場,121.578574,25.04821
五分埔公園地下停車場,121.580577,25.046585
春光公園停車場,121.581082,25.042543
宏泰一號交易廣場,NULL,NULL
晶華 MORI,NULL,NULL
超維汽車-台北濱江,NULL,NULL
IWS台北站,NULL,NULL
屏東環球購物中心,120.493174,22.673105
屏東六堆客家文化園區,120.557524,22.659229
福灣莊園(故障),120.48169,22.459045
坪林水柳腳立體停車場,121.710141,24.935597
大鵬灣國際休閒特區第二停車場,120.479275,22.454957
海豚城堡民宿(限住客使用),120.461562,22.464149
枋山觀光農園,120.660419,22.243371
屏東特斯拉枋山超級充電站,120.663931,22.243611
凱映輕旅(限住客使用),120.747691,21.990716
悠活度假村(限住客使用 要預約),120.706202,21.997131
海灣森林(限住客使用),120.712762,21.942868
嵐翎白砂度假莊園(限住客使用),120.726886,21.932931
小屋貓鼻頭民宿,120.734238,21.928586
小屋克里夫民宿,120.739047,21.928624
墾丁夏都沙灘酒店(限住客使用),120.789438,21.946243
瑪雅之家,120.790963,21.949741
瑪雅之家,120.790963,21.949741
瑪雅之家,120.790963,21.949741
瑪雅之家,120.790963,21.949741
凱薩大酒店(限住客使用),120.805227,21.941858
美好生活旅店,120.825652,21.931353
Small House Villa,120.819845,21.99993
小墾丁度假村(限住客使用),120.864776,22.025919
牡丹灣Villa(限住客使用),120.878381,22.190588
知本老爺酒店(住客優先使用),121.006012,22.692388
知本金聯世紀酒店(住客優先使用),121.018777,22.692682
富野溫泉休閒會館,121.021303,22.69284
富野溫泉休閒會館,121.021303,22.69284
盧家緣藝民宿,121.058368,22.728794
台東新生樂活停車場,121.147861,22.752822
台東縣政府公務停車場,121.149422,22.755584
台東富野度假酒店(限住客使用),121.15351,22.749864
Gaya (限住客使用),121.145275,22.754883
Gaya Hotel(限住客使用),121.145275,22.754883
台東公用停五停車場,121.145114,22.755166
康橋大飯店台東館(限住客使用),121.142154,22.767532
東方假期(限住客使用),121.138853,22.768581
台東假期民宿(限住客使用),121.13575,22.769829
新竹縣-關西鎮-二高高速公路關西休息站,121.193,24.8
新竹縣-湖口鄉-再興高爾夫俱樂部,121.087,24.883
新竹縣-竹北市-億家俱 批發倉庫,121.038,24.814
新竹縣-竹北市-6+PLAZA廣場,121.038,24.808
新竹縣-竹北市-竹北特斯拉城市超級充電站,121.036,24.807
新竹縣-竹北市-新竹豐邑喜來登大飯店,121.028,24.802
新竹縣-竹北市-歐匠系統家具 新竹展示中,121.023,24.814
新竹市-東區-新竹迪卡儂旗艦店,121.012,24.791
新竹市-東區- 特斯拉科學園區超級充電站,121.005,24.78
新竹市-東區-新竹英迪格酒店,121.006,24.799
新竹市-東區-赤土崎地下停車場,120.994,24.799
新竹市-東區-BMW 中鎂新竹展示中心,120.99,24.815
新竹市-東區-TOYOTA桃苗新竹營業所,120.989,24.812
新竹市-東區-新竹國賓大飯店停車場B2,120.978,24.806
新竹市-東區-特斯拉72A壁充,120.978,24.796
新竹市-北區-大魯閣湳雅廣場,120.969,24.819
新竹市-東區-新竹大遠百,120.965,24.803
新竹市-北區-家益大舜接待會館,120.954,24.82
翰品酒店桃園,121.313501,24.992635
南門公園停車場,121.306312,24.991285
公有西門停車場,121.304537,24.993194
TOYOTA桃園營業所,121.290793,24.990744
狂暴眼鏡概念館,121.283797,24.987687
"桃拾生活廣場 ",121.297717,24.955286
大忠國小地下停車場,121.300857,24.958349
銀河廣場地下停車場,121.224091,24.962098
新明國小地下停車場,121.216702,24.96144
A21捷運環北站停車場,121.221196,24.967759
坤慶公園地下停車場,121.229717,24.962281
中壢中央停車場,121.226394,24.956654
延平路立體停車場,121.223136,24.95608
BMW大桐平鎮展示中心,121.20239,24.93902
絕世名膜車體包膜部中壢店,121.226809,24.942798
東森山林渡假酒店,121.160577,24.887107
美琪生計股份有限公司,NULL,NULL
IWS租車桃園機場站,121.20495,25.061016
大園停車場,121.209668,25.059898
台北諾富特華航飯店,NULL,NULL
桃園機場第二航廈4號停車場,121.231576,25.075346
兒十四公有停車場,121.257594,25.075813
桃園特斯拉台茂超級充電站,121.287609,25.053167
南崁公一停車場,121.293077,25.05088
安媞產後護理之家,121.291756,25.04604
特力屋南崁店,121.295665,25.04054
桃園醫院停車場,121.26727,24.97755
Volvo凱桃,121.272989,24.992702
BMW大桐桃園展示中心,121.274899,24.99313
昭陽中路建築館,121.294048,25.002625
潮Motel,121.298581,25.011093
藝文園區南區停車場,121.300928,25.014101
Zoo Zoo假期咖啡,121.333872,24.830235
綠光森林,NULL,NULL
石門水庫福華渡假飯店,NULL,NULL
娜路彎大酒店,121.121419,22.769948
台東特斯拉娜路彎飯店超級充電站,121.122091,22.770634
台東機場停車場,121.108473,22.756073
綺麗商旅園區館(限住客使用),121.103557,22.769346
娜路彎銀河酒店(限住客使用),121.101225,22.775757
綺麗商旅站前(限住客使用),NULL,NULL
台東火車站停車場,121.124986,22.794701
台東樂活小築民宿(限住客使用),121.126685,22.796409
禾楓新棧渡假飯店(限住客使用),121.130299,22.793275
禾楓新棧渡假飯店(限住客使用),121.130299,22.793275
岩灣潭行館(限住客使用),121.131749,22.804185
富源潭行館(限住客使用),121.151757,22.830421
富杉晴山海景民宿,NULL,NULL
鹿鳴溫泉酒店,121.101181,22.899162
鹿鳴溫泉酒店,121.101181,22.899162
綺麗渡假村(限住客使用),121.118812,22.895469
九叔公民宿(限住客使用),121.127412,22.903663
關山會館民宿(限住客使用),121.168612,23.059746
日暉國際度假村(限住客使用),121.198683,23.104731
日暉國際度假村(限住客使用),121.198683,23.104731
台東擁月星宿(限住客使用),121.345035,23.051162
田中先生鄉村民宿(限住客使用),121.289146,23.204267
玉溫泉(限泡湯住客使用),121.340197,23.28076
瓦拉米客棧(限住客使用),121.312513,23.33167
旭日山莊民宿(限住客使用),121.309579,23.344188
瑞穗天合國際觀光酒店(限住客使用),121.354209,23.493783
安德森幸福莊園(限住客使用),121.376283,23.508156
純粹愛大海民宿,NULL,NULL
兆豐農場溫泉渡假村,121.458458,23.804533
雲山水樸耕園民宿,121.51281,23.8299
雲山水樸耕園民宿(限住客使用),121.21281,23.8299
裘兒艾克親子風格旅店(限住客使用),121.502689,23.861529
花蓮理想大地度假旅店,121.526048,23.866664
東華大學理工三館停車場,121.545011,23.897449
東華大學理工三館停車場,121.545011,23.897449
海洋仙境民宿,121.603304,23.911177
遠雄悅來大飯店,121.596617,23.908506
斯圖亞特海洋莊園,121.602092,23.88552
羊角邨民宿,121.601175,23.883121
都鐸王朝民宿(限住客、下午茶皆可使用),121.597933,23.868283
名人99飯店,NULL,NULL
遠東百貨花蓮店,121.59963,23.578501
花蓮好書室民宿,NULL,NULL
Toyota花蓮營業所,121.588515,23.987954
康橋大飯店 花蓮館(限住客使用),121.605134,23.991668
花蓮翰品酒店(限住客使用),121.626617,23.992846
花蓮翰品酒店(限住客使用),121.626617,23.992098
花蓮特斯拉翰品飯店超級充電站,121.62765,23.992846
樸耕居民宿,NULL,NULL
太魯閣晶英酒店(限住客使用),121.49405,24.181756
武陵富野度假村,NULL,NULL
詩歌謠天空,NULL,NULL
家。太幸福民宿,121.780232,24.659119
台泥DAKA園區(限客戶使用),121.750912,24.301578
那山那谷露營區,121.75012,24.435956
瓏山林冷熱泉渡假飯店(限住客使用),121.84724,24.598335
宜蘭餅發明館(需自備充電線),121.829016,24.614766
小國生活-光之樹(限住客使用),NULL,NULL
小國生活-PADO,121.812328,24.642364
宜蘭縣環保局,NULL,NULL
宜蘭傳藝老爺行旅,121.82441,24.68725
小國生活-夜光森林,NULL,NULL
小國生活-浮線發想之島(住客優先),121.819977,24.69244
寬頻極致Villa(總裁闊院)(限住客),121.803499,24.698162
藏闊度假會館(限住客使用),121.796223,24.690958
小國生活-獨立森林(限住客使用),121.811317,24.684554
羅騰堡莊園(限住客使用),121.807891,24.67694
都鄉旅B&B(限住客使用),121.781477,24.676276
村却國際溫泉旅店(限住客使用),121.775002,24.673506
中興文化創意園區,121.7697,24.694691
Toyota羅東營業所(限客戶使用),121.77154,24.706237
Luxgen羅東營業所(限客戶使用),121.772243,24.708573
米卡洛民宿,121.742106,24.679629
Sunday Home民宿,121.721617,24.673326
逢春園度假別墅(限住客使用),121.59768,24.668034
黑煙囪景觀別墅,121.590239,24.670228
花泉有機休閒農場,121.705204,24.727302
宜蘭力麗威斯汀渡假酒店(限住客使用),121.712759,24.751599
蘭城新月廣場停車場,121.750125,24.753544
杜拜時尚戀館(限住客使用),121.759341,24.766394
悅川酒店(限住客使用),121.756514,24.769992
礁溪老爺酒店,NULL,NULL
礁溪麒麟台灣聯通停車場,121.772225,24.827453
礁溪鳳凰德陽川泉旅(限住客使用),121.772792,24.82766
礁溪山形閣溫泉飯店(限住客使用),121.775374,24.828278
礁溪寒沐酒店(限住客使用),121.772945,24.829569
礁溪長榮鳳凰酒店(限住客使用),121.774448,24.831153
中天溫泉度假飯店(限住客使用),121.775543,24.829738
中天溫泉度假飯店,121.775543,24.829738
宜蘭傳藝老爺行旅,121.82441,24.68725
福山國小停車場(故障),120.316134,22.683547
Evalue 內湖旗艦站(試營中),121.593216,25.06868
賓士快充充電樁,121.408637,25.038792
賓航賓士中和直流快充站(槍2),121.4877,24.99862
賓航賓士中和直流快充站(槍1),121.48768,24.99862
台隆賓士濱江直流快充站-槍1,121.543016,25.072675
台隆賓士濱江直流快充站-槍2,121.543099,25.072674
EVALUE內湖旗艦站充電樁-16,121.593188,25.06868
中華賓士河南直流快充站(槍1)-暫不開放,120.659973,24.173987
中華賓士河南直流快充站(槍2)-暫不開放,120.659968,24.174017
鳳頂高爾夫AC充電樁,120.35797,22.589843
鳳頂高爾夫AC充電樁-1,120.35777,22.589843
鳳頂高爾夫AC充電樁-2,120.35787,22.589843
中華賓士高屏直流快充站(槍1)-暫不開放,120.388843,22.633408
中華賓士高屏直流快充站(槍2)-暫不開放,120.389093,22.633548
嘉義優遊吧斯-1,120.6984,23.4628
嘉義優遊吧斯-2,120.6982,23.4628
嘉義優遊吧斯-3,120.698,23.4628
中華賓士桃園直流快充站(槍1)-暫不開放,121.273083,24.979632
中華賓士桃園直流快充站(槍2)-暫不開放,121.272953,24.979548
新竹_科學園區研發四路站-1,120.998,24.7792
新竹_科學園區研發四路站-2,120.9982,24.7792
新竹_科學園區篤行會館站-1,NULL,NULL
新竹_科學園區篤行會館站-2,NULL,NULL
新竹_科學園區活動中心站-1,121.0056,24.7831
新竹_科學園區活動中心站-2,121.0057,24.7831
新竹_科學園區活動中心站-3,121.0058,24.7831
新竹_科學園區活動中心站-4,121.0059,24.7831
苗栗_竹南科學園區轉運站-1,120.9228,24.7071
苗栗_竹南科學園區轉運站-2,120.9228,24.7072
苗栗_竹南科學園區服務處站-1,120.9229,24.7071
苗栗_竹南科學園區服務處站-2,120.9229,24.7072
苗栗_銅鑼科學園區站-1,120.7725,24.4633
苗栗_銅鑼科學園區站-2,120.7727,24.4633
新竹_生醫科學園區站-1,121.0472,24.8071
新竹_生醫科學園區站-2,121.0473,24.80718
桃園_龍潭科學園區站-1,NULL,NULL
桃園_龍潭科學園區站-2,NULL,NULL
中華賓士台南直流快充站-槍1(暫不開放),120.219754,23.0248
中華賓士台南直流快充站-槍2(暫不開放),120.219819,23.024863
賓泓賓士台南直流快充站-槍1(暫不開放),120.183452,22.972449
賓泓賓士台南直流快充站-槍2(暫不開放),120.18345,22.972538
賓泓賓士台南直流快充站三樓槍1-暫不開放,120.183452,22.97254
賓泓賓士台南直流快充站三樓槍2-暫不開放,120.18345,22.97254
宜蘭_科學園區站-1,NULL,NULL
宜蘭_科學園區站-2,NULL,NULL
